<log4net>
<appender name="PowerShellRollingFileAppender" type="log4net.Appender.RollingFileAppender" >
<param name="File" value="C:\apps\powershell\logs\powershell.log" />
<!--<param name="AppendToFile" value="true" />-->
<param name="AppendToFile" value="false" />
<param name="RollingStyle" value="Size" />
<param name="MaxSizeRollBackups" value="10" />
<!--<param name="MaximumFileSize" value="1024KB" />-->
<param name="StaticLogFileName" value="true" />
<lockingModel type="log4net.Appender.FileAppender+MinimalLock" />
<layout type="log4net.Layout.PatternLayout">
<param name="ConversionPattern" value="%d [%-5p] [%c] %m%n" />
<!--<param name="ConversionPattern" value="%date [%thread] %-5level %logger %ndc - %message%newline" />-->
</layout>
</appender>
<appender name="ColoredConsoleAppender" type="log4net.Appender.ColoredConsoleAppender">
    <mapping>
        <level value="ERROR" />
        <foreColor value="Red, HighIntensity" />
        <!--<foreColor value="White" />
        <backColor value="Red, HighIntensity" />-->
    </mapping>
    <mapping>
        <level value="WARN" />
        <foreColor value="Yellow, HighIntensity" />
        <!--<foreColor value="White" />
        <backColor value="Yellow, HighIntensity" />-->
    </mapping>
    <mapping>
        <level value="DEBUG" />
        <foreColor value="Green, HighIntensity" />
        <!--<backColor value="Green" />-->
    </mapping>
    <layout type="log4net.Layout.PatternLayout">
        <!--<conversionPattern value="%date [%thread] %-5level %logger [%property{NDC}] - %message%newline" />-->
		<!--<param name="ConversionPattern" value="%d [%-5p] [%c] %m%n" />-->
        <conversionPattern value="%date [%thread] %-5level %logger [%c] - %message%newline" />
    </layout>
</appender>
<root>
<level value="debug" />
</root>

<logger name="root" additivity="false">
<level value="info" />
<appender-ref ref="PowerShellRollingFileAppender" />
<appender-ref ref="ColoredConsoleAppender" />
</logger>
</log4net>
