<log4net>
<appender name="PowerShellRollingFileAppender" type="log4net.Appender.RollingFileAppender" >
<param name="File" value="C:\apps\powershell\logs\powershell.log" />
<!--<param name="AppendToFile" value="true" />-->
<param name="AppendToFile" value="false" />
<param name="RollingStyle" value="Size" />
<param name="MaxSizeRollBackups" value="100" />
<param name="MaximumFileSize" value="1024KB" />
<param name="StaticLogFileName" value="true" />
<lockingModel type="log4net.Appender.FileAppender+MinimalLock" />
<layout type="log4net.Layout.PatternLayout">
<param name="ConversionPattern" value="%d [%-5p] [%c] %m%n" />
</layout>
</appender>

<root>
<level value="debug" />
</root>

<logger name="PowerShell" additivity="false">
<level value="info" />
<appender-ref ref="PowerShellRollingFileAppender" />
</logger>
</log4net>
